,x0,x1
0,-2.7984347,1.1578064
1,1.4768682,2.9636993
2,-2.292286,-1.331554
3,1.2061539,-2.157331
4,2.9798174,-0.077352524
5,-0.42493677,-0.87185526
6,2.877266,1.2483587
7,0.59605765,-0.22531366
8,2.903737,0.6278615
9,-0.6449261,0.8303938
10,-1.1014144,-0.96130514
11,2.3159313,1.2591252
12,-0.31344438,2.3001966
13,2.7851987,1.6356611
14,0.3171394,2.5199995
15,1.6153488,-2.0767307
16,1.4095426,-0.92834115
17,-0.39293575,-2.187726
18,1.2869172,-1.1739868
19,-1.3354304,-1.8322334
20,2.7180252,1.8493218
21,2.9002237,-0.96152353
22,-0.42304945,2.666603
23,2.638279,-1.1180971
24,0.70005727,-1.3528111
25,-0.82726526,2.1158218
26,1.460124,2.6912942
27,-2.5655375,0.664516
28,1.4175949,-1.3281183
29,-2.1317635,0.13026738
30,-1.765171,-0.61884737
31,-0.80697966,1.2568126
32,0.13547564,2.6502414
33,-0.19679046,-0.50295544
34,2.6358743,1.5820551
35,-2.1587884,-0.4426918
36,-1.4171323,-1.9175287
37,1.9237442,-2.5956101
38,1.622016,-0.5413034
39,-1.5137937,-1.7153363
40,-2.5681615,1.4920082
41,2.3246717,1.6570415
42,-0.38669157,2.7037678
43,1.5986643,-1.3170383
44,-1.2174894,1.7414622
45,2.1062055,0.8780029
46,2.153656,0.063554764
47,1.298502,-0.091694355
48,-1.5648562,-2.6706276
49,-1.9466354,-1.1711154
50,1.4331536,-0.83047676
51,-0.30604434,-0.18191385
52,0.21677351,1.6116438
53,2.575747,-2.0032406
54,-0.2984619,2.917221
55,2.0927725,-2.1420755
56,2.4340076,1.0370994
57,0.5675876,1.3821568
58,-0.6448121,-0.6929362
59,-0.2006073,2.0580997
60,-2.6852741,0.39088488
61,-2.6629767,2.596572
62,-2.3446078,2.8379335
63,-1.3735492,-2.5200658
64,2.8090534,-0.34768963
65,-2.2444003,-0.15292501
66,-2.7822242,0.2265408
67,-0.23193693,-0.6658101
68,-2.7893858,-0.9179783
69,-0.64779854,1.1646409
70,2.3073072,-1.6654766
71,-1.2450421,0.6426711
72,-0.4970789,2.2725353
73,-0.9868846,-1.0844918
74,2.3108702,0.07027292
75,-1.3073931,-1.7906492
76,2.541844,-0.7525444
77,1.0567312,0.32529163
78,2.8309813,2.9029145
79,-2.7963123,2.4406004
80,-2.774311,2.8540878
81,0.38687658,-2.21738
82,2.142828,2.6272416
83,0.9515796,0.82947993
84,1.097723,-2.669651
85,-2.1902566,2.162857
86,2.1789503,2.7823977
87,-0.4687333,0.8269968
88,-0.7088914,-1.612333
89,1.9464531,2.351008
90,-0.2532277,1.8192515
91,-2.4433932,1.5015497
92,-0.850111,-0.6474974
93,0.75880766,2.1350489
94,-2.448022,-2.350298
95,-1.8150558,-1.2484092
96,1.8071785,-0.2806871
97,-0.55716467,-1.1041589
98,-1.5521382,1.3561196
99,-2.553316,1.6863685
100,0.780386,0.8906815
101,0.39714956,-0.14098263
102,2.198526,0.72023726
103,0.38107872,0.02653408
104,-2.0690937,-2.8285103
105,-1.6822475,0.33834362
106,0.747457,-1.8199285
107,0.9028609,1.7835922
108,-1.4727652,-2.4176912
109,1.5399408,0.4487636
110,-2.8191924,1.9998617
111,1.936893,0.8905573
112,-1.6969521,-1.4810132
113,0.79704475,2.3017106
114,-0.6320429,2.1205225
115,2.739461,1.024137
116,-2.7530532,-1.6842713
117,1.4128394,2.6029782
118,2.4591393,2.532497
119,-1.5805807,1.76968
120,0.33520675,1.4652257
121,2.5527945,1.4814687
122,2.0206404,-2.4179192
123,-2.343791,2.509513
124,2.3372726,1.3047094
125,-2.829411,2.0226703
126,1.7795596,-1.5014355
127,-2.714765,2.298842
128,2.7789412,-1.415029
129,-1.7859682,2.5560737
130,-0.25647783,1.9726429
131,0.59510994,1.1890893
132,-2.9332662,1.9234905
133,2.9825783,-1.3739265
134,0.5390177,-0.47429085
135,-0.38668585,-2.0293193
136,-0.25782442,-0.6836753
137,0.048269033,2.070273
138,2.2706637,2.1910262
139,2.3236809,2.132802
140,1.693407,1.7677984
141,-2.8276541,-2.5780878
142,2.6904526,1.087966
143,1.3426228,-1.5580688
144,-1.1709495,-0.12573099
145,-1.7867907,-1.1052493
146,0.66963816,1.9340534
147,-2.5076852,-1.1922777
148,0.5112512,1.2078056
149,-1.5928524,1.1616378
150,0.6629541,0.8411987
151,0.71014166,0.25617456
152,-1.3233261,-0.09893942
153,-1.4204707,-1.629211
154,-2.8648746,0.58688736
155,2.5125961,-2.0024867
156,-1.7897447,0.5207555
157,0.40629053,0.6366887
158,-1.201351,-0.43734813
159,-0.682889,-2.018682
160,-0.44088268,-2.7669067
161,-1.2065549,0.60944223
162,2.3395457,2.6605177
163,-2.7341318,-1.4010354
164,2.0873575,1.9523172
165,0.6967058,-0.35565615
166,-1.8415593,2.3945746
167,2.0875301,1.6772442
168,1.8218293,2.951789
169,-1.0423965,1.2649045
170,-2.9059403,2.5775847
171,-2.2627094,2.9241629
172,-0.6013217,2.9295897
173,0.460783,-0.7058995
174,2.6735992,2.5772066
175,-1.0266062,0.7084515
176,-2.2743082,2.1294384
177,-1.0436164,-2.5184891
178,-1.1164974,-2.626101
179,1.5142498,0.36147976
180,-2.2530546,-2.6302757
181,-1.5814898,-2.1120958
182,-1.7399082,-2.5133636
183,1.8996115,-1.8876657
184,0.5880232,2.4604812
185,-1.7501843,-0.6660812
186,-2.632777,-0.03429985
187,-1.5578417,0.94092417
188,1.6884837,2.1429224
189,1.6055617,1.4912877
190,1.313211,-0.8954208
191,-0.16766977,-1.5759487
192,2.810296,2.4996114
193,-1.6600424,-0.69238544
194,0.6784463,-2.751483
195,-1.8279755,-1.3452083
196,-0.010741711,2.340393
197,-0.7095518,-2.0160084
198,1.4493699,2.373598
199,0.07090855,-2.8813663
200,2.7413359,0.10234833
201,0.7206049,2.0557747
202,-1.8522581,2.4197712
203,-0.53055525,2.6085958
204,-0.3670442,-0.19588566
205,-0.7962303,0.67404485
206,2.0402174,-1.1432183
207,1.027833,-1.780853
208,1.4855633,-1.059174
209,-2.6037734,-1.7749375
210,0.61981344,1.2620592
211,2.086863,1.9776201
212,-2.9251823,1.2736945
213,-0.82550955,-1.0140338
214,0.62351894,-2.9946263
215,-1.8069924,-0.2569127
216,0.6286447,-2.875651
217,0.4726534,0.9226084
218,1.1285696,1.2385244
219,-0.178617,-2.7231307
220,0.30838156,2.4183698
221,1.798202,0.91099834
222,-1.468566,2.2472315
223,1.4892368,-0.8380351
224,0.9915881,-1.1223539
225,-0.6075735,-0.9754834
226,0.5226989,0.018215656
227,2.0342126,1.7436562
228,0.68828535,-0.6479695
229,0.5087538,-2.2981834
230,0.2938795,2.2286258
231,0.94800043,-0.080080986
232,-1.4511044,2.0262785
233,-2.2822788,-0.59638023
234,1.3827991,2.077003
235,0.34103632,-2.8334417
236,1.8086038,0.45177937
237,-2.1325614,-2.158116
238,1.1852136,2.947669
239,2.550693,1.9227552
240,0.013576031,-0.7514782
241,-2.2307575,-2.5214176
242,2.5881915,2.1864562
243,-0.89599276,1.0216432
244,-0.4398818,-0.67622375
245,1.881671,1.8565912
246,1.889296,0.7958813
247,-0.32152534,-2.5313752
248,1.7642546,-2.0972924
249,-1.1932,1.0020013
250,-1.0414224,2.17553
251,2.9459543,-1.875663
252,2.391963,1.9961228
253,0.84646606,0.40618992
254,0.5347223,1.8349953
255,-1.8741335,-1.8560386
256,-1.1844217,2.8827186
257,1.816834,-2.6149406
258,-2.6639423,1.7388725
259,-0.5798378,-2.2379873
260,1.8491693,-1.0866741
261,-2.2800312,2.836094
262,-0.0058174133,-0.21616268
263,-2.0206053,-1.4131125
264,-0.912498,-1.770097
265,-0.9507928,-1.8336636
266,2.1410809,1.8865714
267,1.0620251,2.7324505
268,0.16647792,-2.6806455
269,1.3124261,0.86743736
270,-1.3500713,2.1065202
271,-0.55330944,-1.8594167
272,0.77790403,-2.9693778
273,0.22384167,-1.5811411
274,-1.3486333,-1.9682668
275,0.5556829,-2.5872092
276,-1.3022743,0.9002328
277,-0.711092,-1.9362191
278,-1.3555133,-2.2947686
279,0.21557736,-2.2365007
280,2.7458715,-1.2854662
281,2.4884129,-1.6009355
282,0.35974216,0.13284945
283,-2.4623017,0.24945545
284,2.7966104,-0.29896784
285,-0.7325671,-1.2018621
286,-1.0122524,-0.9888301
287,-1.4864706,1.5698833
288,2.7422523,-1.0233521
289,0.35731316,1.8540001
290,2.4097614,1.2768631
291,-0.8362222,-0.15326262
292,-0.22135878,-1.608706
293,-0.46387553,0.04292059
294,-1.4750376,0.7386198
295,-0.93641925,-1.869906
296,-1.2281442,1.9901314
297,-2.580861,1.742187
298,1.7266569,0.7094655
299,1.9603095,2.8407993
300,-0.060535908,-2.760875
301,2.7175155,-0.8000972
302,0.069224596,-2.2503512
303,0.25889897,-0.9924402
304,1.3539557,-2.4377897
305,1.6959586,0.8399124
306,0.8684857,1.7399106
307,-1.9367055,-2.8846197
308,1.4808288,-2.8337684
309,0.27132416,2.7600784
310,0.29859996,2.7137241
311,2.3359756,2.686451
312,1.6407728,-2.917614
313,-2.3261552,2.4247274
314,1.989922,2.735165
315,0.33388805,-1.1630874
316,2.004385,0.56138515
317,2.7271485,2.2051039
318,-0.6314411,-1.4648037
319,-2.8096952,-0.9230025
320,0.49284744,1.7826171
321,-1.6359959,-1.8838549
322,-1.3428004,-0.82230854
323,0.01925397,0.7512295
324,-2.2142024,1.7360888
325,0.45983362,2.2327347
326,-0.34766912,-1.0026888
327,-0.8504944,2.828271
328,-0.08097935,2.696372
329,-0.99408174,-2.161902
330,-0.35421133,1.8925557
331,-2.380251,0.70112014
332,0.6383078,0.08238077
333,0.34571362,-2.7196927
334,-0.94003534,-0.37686753
335,-1.4225149,-0.8627639
336,-2.4639344,-1.7169693
337,-0.46459937,-1.4323454
338,2.149035,-0.51194954
339,-1.220463,-2.6612635
340,1.1674824,-1.4457686
341,2.352131,-0.65663123
342,-0.9066286,-1.3040221
343,2.7403784,1.5092373
344,1.3093748,-2.5246418
345,0.7012718,-0.9990053
346,-0.5706234,0.69665813
347,-1.9485497,-1.4284662
348,-1.8157489,1.0595393
349,0.47871208,-1.0161084
350,-1.7640921,-0.35469818
351,-2.636097,2.0007286
352,2.7759504,-1.9763339
353,-1.8716165,1.745296
354,0.61221695,0.501102
355,-2.9662871,2.536415
356,-0.90538454,2.823975
357,0.3293767,1.059051
358,2.268052,0.91940737
359,2.426435,1.4697037
360,1.046917,1.2452269
361,1.5376654,0.46916986
362,-2.5935524,-1.6378416
363,-2.2784457,-2.8473802
364,-0.22028303,0.9335065
365,-2.4155216,0.5060048
366,-0.2662003,0.6803036
367,-0.6869106,0.73461914
368,-0.76929855,-0.30246234
369,-0.5642202,-2.803009
370,-1.6155753,2.145729
371,-2.3350446,0.16075945
372,-1.5742811,1.2152872
373,-1.356495,1.479969
374,1.3785148,1.3749557
375,0.1301601,-2.0630407
376,-0.89342785,-0.95201206
377,-2.1410956,-2.643799
378,0.2679124,-1.1429622
379,1.0221376,-1.543641
380,-2.0489166,2.8114972
381,1.4878726,-1.8620903
382,2.4361753,-2.6415257
383,1.8769317,-1.783958
384,2.3409672,1.4506578
385,-0.14958477,-0.25720072
386,0.87033534,0.72314453
387,1.9546709,1.7024846
388,-0.73795986,2.2462153
389,-0.87260294,0.8035369
390,1.9918623,1.0641031
391,-1.2689434,-0.7563436
392,-0.048039913,-1.1372291
393,-1.833704,0.34979153
394,-0.64558625,-2.135971
395,-2.9005876,0.4709437
396,-2.2495322,-1.132969
397,-0.5833497,0.7565079
398,1.7710752,2.8474226
399,2.3679543,2.8960261
400,-2.0982795,1.9544592
401,2.434617,1.4012895
402,-2.578998,-1.0927448
403,-1.5911869,0.930048
404,-0.9150989,-1.4722012
405,0.38205624,-2.2634768
406,-2.616837,-1.8843838
407,-2.9297328,0.09965944
408,-2.622386,-0.2863176
409,1.7416639,-2.9392169
410,-0.6887884,-1.5858135
411,-1.4198527,2.976184
412,-2.3568914,0.5397258
413,2.2663212,-0.4939251
414,-2.4038723,-2.7362752
415,-0.55583906,0.38718128
416,-1.4430413,-2.8029122
417,-0.8907571,-1.4666015
418,-1.927974,-2.1004465
419,-0.7645979,2.4241319
420,-0.24118042,-1.3013263
421,-1.528627,2.070397
422,-0.9390683,2.39321
423,2.0834274,-0.007452965
424,2.399929,-1.1925663
425,0.850055,0.68948364
426,0.71443963,2.081355
427,1.8794937,0.20574903
428,-2.4457865,-1.0948874
429,0.58662415,-1.0578396
430,-2.093532,-1.7967911
431,1.1699462,-0.80870867
432,2.1896381,2.5674124
433,-0.27698064,-0.5236831
434,-1.2613488,2.1908154
435,1.9775429,-0.21630192
436,2.058669,-1.5031328
437,0.45517683,-2.9809837
438,2.2970252,-0.62600374
439,2.0492368,-0.35521674
440,-1.3548278,-2.3234353
441,-2.7457242,-0.0937407
442,-2.2827566,1.2551432
443,2.4083033,0.17717886
444,-1.7510394,-2.520691
445,-0.00364995,2.4002528
446,-0.86318254,-2.423079
447,0.70665836,2.2067966
448,-1.1530699,2.6039948
449,1.7129879,2.1604652
450,-0.08536935,0.8048482
451,-0.82821393,-2.833788
452,-2.7169247,0.67168283
453,-2.4207458,0.19378471
454,0.09429288,-2.6311903
455,-0.41336274,-0.7001133
456,-1.4284698,2.4436646
457,0.090842724,1.3868046
458,2.6311264,2.3912525
459,2.4510765,-0.74041843
460,-1.5824175,-1.5019752
461,0.90865993,-0.6736641
462,1.9244719,-1.4973961
463,2.5377073,-0.48573375
464,-1.257322,-2.102844
465,1.2745152,-0.4036975
466,2.3240695,-1.6630676
467,2.8982372,2.2333498
468,-1.5429039,-2.3953
469,0.59669137,2.0842404
470,-2.3777754,1.3085842
471,-2.657045,1.6261673
472,-0.7259011,0.1872096
473,0.73627925,1.0873065
474,-2.564756,-1.9975315
475,0.54389286,-1.1054785
476,2.793715,0.99443245
477,2.1341047,0.12929916
478,0.4618144,0.12300444
479,0.2812829,1.3682075
480,-0.9911134,-2.2479353
481,-1.3678429,0.384418
482,-1.653898,-2.7307868
483,2.6948729,-0.5058267
484,0.18374014,-0.111688614
485,2.58396,-2.9849038
486,-2.3197122,-1.0599335
487,-2.4634576,2.6100035
488,-0.8275986,-2.2176852
489,-2.6909213,1.3514318
490,-1.9017037,-2.594576
491,-0.83353615,0.10252571
492,1.4651484,1.1277285
493,1.0027304,-1.800274
494,2.907012,2.059569
495,0.22768664,1.7150936
496,2.916605,-1.514196
497,0.7970238,1.5940151
498,1.5882349,-2.1698394
499,1.6027274,-0.7708998
500,-2.3241467,0.91531515
501,0.84161997,1.6979408
502,-2.75357,1.202457
503,1.6738825,2.7199492
504,-2.950429,-2.169571
505,-2.727641,-2.5211043
506,1.2980027,2.9762568
507,0.25830603,-2.592086
508,-2.8335643,-1.1330152
509,2.526124,-0.46425867
510,-2.1733828,2.8267784
511,1.1233287,-0.84458065
512,2.9578915,1.120183
513,-2.1949658,-0.6371455
514,-1.4115157,-2.117687
515,-0.6922412,-0.8705635
516,-0.20211339,-1.6552927
517,2.1701312,0.040576935
518,-1.7582746,-0.9986849
519,2.770184,1.9711909
520,-2.9184573,-1.7934176
521,-0.06968641,1.4415555
522,-1.4911219,-0.68508625
523,-0.35357285,1.0211568
524,-0.85973644,2.752397
525,1.9005733,0.09016228
526,-2.0440528,0.16302252
527,-1.8010222,-1.7277321
528,-0.8354974,-0.22132492
529,2.155901,-0.7124982
530,2.9399352,0.3253579
531,0.475873,-2.246738
532,0.48976946,2.2766018
533,-2.1621332,2.2871494
534,2.2276049,-0.0058894157
535,1.1658001,-0.7868643
536,2.6197076,2.03657
537,0.5259099,1.5089583
538,2.839198,0.0013356209
539,2.5516028,1.9088941
540,0.14424086,0.83847284
541,0.51050043,0.4501841
542,0.65409946,-1.2674443
543,2.1881285,2.279118
544,2.0961123,1.801084
545,-0.31642962,2.969081
546,-1.3776752,1.894136
547,-0.8440683,-0.3743806
548,2.087822,-2.7126646
549,-2.9180825,-0.46902943
550,2.5726914,-1.5315746
551,-1.2628187,-2.4287438
552,0.39728093,2.2479124
553,-0.1483748,-2.6736267
554,-1.0437065,1.7924614
555,2.5167012,-0.90901494
556,1.3807945,-1.3380171
557,1.7989516,2.572165
558,0.5342152,-1.1124322
559,0.039717197,0.6413703
560,1.3508277,0.2986474
561,-0.4417312,0.9885142
562,1.1554422,-2.6282558
563,-0.22985387,2.8403378
564,-2.9688656,-2.6959453
565,2.2724066,0.78639317
566,2.4283743,-0.46821022
567,2.290185,0.9073553
568,2.57551,-0.1645937
569,0.43642807,-2.334002
570,1.0928326,2.5537848
571,-1.8631514,-0.23624372
572,-0.9348285,-0.028499603
573,1.5703058,-2.0944097
574,-2.6319356,2.5139194
575,2.773521,1.8698225
576,0.5860858,2.6769538
577,-1.3264221,2.9608536
578,2.0225167,0.46521854
579,1.3628201,1.3090572
580,-0.963367,2.566452
581,1.7280836,1.9402232
582,2.300005,-2.249236
583,2.7480865,0.5994358
584,-1.2789413,1.1998215
585,-1.7551278,1.6052761
586,-0.7486496,0.95595455
587,-2.6255457,-1.0258877
588,-2.9871712,1.3778338
589,-1.27036,1.2620239
590,-2.7250328,2.486987
591,0.8630891,-1.541595
592,2.3744955,0.08998561
593,2.3183227,-0.26315022
594,-1.4087541,0.027551651
595,-1.294934,-2.8604856
596,2.2234302,2.6481986
597,2.3136802,-1.2632389
598,-0.78430724,1.4894295
599,-1.7843363,1.4291115
600,2.1434336,1.9464245
601,1.2790952,0.46544886
602,1.8816676,-0.57218075
603,1.0327625,-2.4781914
604,-0.61396074,-0.13090086
605,-2.9653409,0.89348507
606,-2.7950702,-2.655153
607,2.291914,1.5512366
608,2.9881287,-2.2962563
609,-0.08682585,0.8800068
610,-2.1871858,0.5498705
611,-1.4423085,-0.1945746
612,0.6036923,2.2429738
613,-1.5005014,-2.4834545
614,-0.15342736,1.2798147
615,-2.9221094,1.9832082
616,-0.6673503,0.7484741
617,-1.676317,-0.27432394
618,-1.3026989,2.0754514
619,-2.4144623,-2.2915988
620,2.6598186,0.66725135
621,2.8101301,2.6120777
622,2.448739,-2.703496
623,1.5925126,1.28897
624,-2.656585,-2.8180811
625,-2.9448316,2.8857203
626,2.4959369,2.7682724
627,-0.18849659,-0.28050518
628,-0.83440924,-0.87241745
629,-0.6089368,1.1889877
630,-0.8482647,-2.2467837
631,1.425787,2.1556811
632,0.56975746,-1.4608265
633,-1.0012136,-2.4724865
634,-0.7834883,-0.5084696
635,1.7376108,-2.8886366
636,1.3753233,2.9612308
637,-2.4738617,0.7331207
638,-1.2464526,2.3300362
639,-0.82785344,1.3479376
640,1.2485228,-2.2013845
641,1.8067837,-2.3728015
642,0.23894024,-2.2788215
643,0.9804189,-1.1246034
644,1.0777655,-0.67917156
645,-1.0848488,-2.6703136
646,2.442316,1.4751873
647,-1.617509,-2.697691
648,-2.8906107,-2.1120324
649,1.4512978,0.7333896
650,-0.9921076,-0.5464175
651,-1.8986002,2.9820118
652,-1.5952238,0.95095325
653,0.309175,2.1008215
654,-2.9002128,0.104014635
655,1.7547178,1.0209684
656,2.8431573,-0.85102415
657,0.35699344,0.4858532
658,-0.6785903,0.80365705
659,0.67977333,0.2937007
660,1.6844358,1.5752754
661,-0.46045804,2.018303
662,1.8806467,-0.65063334
663,-1.4311162,-1.5416204
664,1.2211461,1.9659295
665,-2.0446253,2.2503104
666,1.177433,-2.586482
667,-2.789591,-2.2428765
668,0.5289552,1.7602825
669,2.77382,2.4974203
670,2.2516375,2.7226424
671,2.7006483,-0.11711931
672,0.81829476,-2.5276816
673,2.729772,-1.8846592
674,-1.0939229,0.09168148
675,-2.498383,1.6208019
676,0.68417597,-2.0690937
677,-0.55070066,-2.5371985
678,2.6105752,-0.7849355
679,-2.6206918,-2.8962846
680,-0.22442722,-0.10595894
681,-1.1489017,-1.0654002
682,1.9230967,0.7681012
683,1.3860316,-1.5811633
684,-1.3759925,1.4800048
685,-2.139789,2.275135
686,-2.557422,-1.0144179
687,-1.6077164,0.7779014
688,1.6080508,2.1483855
689,0.5853503,0.7469101
690,1.8840384,2.021346
691,1.1781301,-2.1746287
692,0.84325314,0.6118903
693,-0.38464522,-2.0754685
694,-1.4261069,-2.4146955
695,-1.720671,1.048068
696,-0.84333277,1.5026097
697,-1.3338811,-1.1936231
698,2.842039,-2.13044
699,-2.5803645,1.8682127
700,-0.188025,-1.5412263
701,2.178144,0.09563732
702,-1.3710945,0.19262362
703,0.97458696,0.14424348
704,-1.964305,-2.7118912
705,2.7623544,2.7941856
706,1.4974852,0.6624284
707,2.3631902,1.3735332
708,0.51449966,1.6627741
709,2.2112494,2.6767035
710,2.2054634,-0.14351225
711,0.93273926,-0.108548164
712,-0.50811005,1.3166871
713,0.38283968,-0.503881
714,0.98079777,1.25488
715,0.8087497,1.8402114
716,2.672781,2.9458733
717,-1.494357,0.4153111
718,-0.15127158,0.20382977
719,-2.5458198,2.5345244
720,-1.9679965,0.7267363
721,-1.3506596,-0.6465802
722,-1.2474675,1.442534
723,-1.6346726,-2.09437
724,1.1721272,-2.1517339
725,2.5977492,-1.9928523
726,1.411509,2.7114754
727,2.9650922,-2.779748
728,-2.205956,-0.23629093
729,0.054863453,1.8694935
730,-0.8123579,2.3307548
731,1.6750708,-1.0113055
732,-1.6713413,-2.8715892
733,2.6217394,2.4575233
734,2.373917,-1.5953304
735,-0.3173108,1.3584881
736,1.7653866,-2.6033545
737,0.13571978,0.124818325
738,1.659842,0.43506002
739,0.3126545,2.581214
740,-2.552493,1.4925461
741,2.515633,1.8895087
742,-2.4689949,-0.02426958
743,0.10488582,-2.7746837
744,0.9966166,2.256186
745,1.74934,-1.7425743
746,0.8340211,-2.2946184
747,-0.29949093,-1.1692954
748,1.7142987,1.5736852
749,-1.2712076,1.8740058
750,-1.3598542,-1.2122315
751,2.361535,-0.92946625
752,-2.3219283,-1.5565592
753,-2.952856,-0.19960451
754,0.5835829,1.1896429
755,-0.91631985,-1.213667
756,-2.9110641,-2.3395104
757,-1.3264782,-2.1989264
758,-0.25499773,-0.17997646
759,2.8937087,-0.42826724
760,0.025652409,-1.7865855
761,-1.7843775,2.059682
762,0.78687906,-2.8945985
763,-2.9698243,-2.7855492
764,2.4801254,2.010785
765,-0.4379816,-1.1811765
766,-0.38409138,0.27039814
767,-0.43307495,-2.8769517
768,2.5079966,-0.8825731
769,-2.1566162,2.918068
770,-1.1223074,1.8534579
771,1.8482127,-0.15670252
772,2.5308094,-0.605433
773,1.4586,-1.4186422
774,-1.2401698,1.5081677
775,-0.5297499,1.8884497
776,0.17990017,0.49029827
777,0.4139464,1.392539
778,-0.14820457,2.311039
779,-0.68215156,1.9237685
780,-0.5964184,2.351313
781,1.8449774,-0.10390878
782,2.3462663,-1.9385501
783,0.055253506,-2.4958
784,0.9748602,-0.7822702
785,-1.4610429,-0.9678006
786,2.8432217,0.00011920929
787,-0.5702591,1.3696008
788,-2.2688107,0.12809038
789,1.8129339,2.9158325
790,-0.7171874,1.7538619
791,1.341815,-2.4537756
792,-0.41020536,2.5737758
793,1.3043256,-0.86959314
794,2.8575401,-2.6311584
795,-1.5024537,-2.26857
796,-2.2856393,2.8459496
797,0.19897366,1.5010118
798,0.28988838,0.6315222
799,0.5892229,-0.19593501
800,2.1827965,2.2432346
801,2.1925554,0.5787926
802,-0.15516233,-2.3421714
803,-2.9907296,1.1254869
804,-0.19354534,-0.2676282
805,2.0987816,-0.1939683
806,-2.391577,2.8029718
807,2.9268618,2.704165
808,-1.786005,-2.8090339
809,-0.6384578,0.65297604
810,2.2594867,-0.45663834
811,-1.7695928,-2.3759055
812,-1.173043,-2.0044518
813,2.29526,0.83349466
814,2.9329362,-2.933641
815,2.0787358,1.2512045
816,-2.2090044,2.911478
817,-1.6669897,-2.4675398
818,2.2847624,0.09721327
819,-1.7950662,-1.1517513
820,-0.12178755,0.23017788
821,2.1716657,-2.409233
822,-1.0512396,-1.5965084
823,1.826458,-1.1848387
824,1.6291132,-1.1489246
825,0.52774477,-1.5978291
826,-0.5108962,1.5780249
827,1.244421,2.8616967
828,-2.739037,1.7311802
829,1.3566265,-0.41906786
830,-1.7477385,-1.130942
831,2.7517042,0.909472
832,2.4778337,-0.26248217
833,-1.8802553,2.205655
834,1.8604708,-0.95466256
835,-1.0313287,1.8596144
836,0.0033569336,1.0789843
837,-2.581893,-1.1559523
838,-2.211401,-0.3159063
839,-1.1677222,-0.10692644
840,-2.357584,-1.410117
841,0.5799589,-1.3803052
842,1.3908477,2.4326916
843,2.7316418,1.5797625
844,0.7427254,-2.6900907
845,1.5182104,-2.0612235
846,-2.943657,1.7732964
847,-0.598433,-1.315803
848,2.850142,-2.9104571
849,1.2394567,-1.7234055
850,-0.34386063,1.3027005
851,-1.985992,1.6849074
852,-1.9234121,-1.9106458
853,0.010801315,2.2212858
854,1.5485644,0.27085733
855,0.3162868,1.0259542
856,-0.52824855,-2.4734237
857,0.22396016,-2.921377
858,-1.3298367,-2.6742826
859,-0.6486478,-0.7840419
860,-2.6844006,1.5008602
861,-2.4511938,2.853106
862,-2.0428982,2.7571602
863,-0.31346893,2.9821148
864,-0.91459036,-2.6932676
865,-0.5282779,-2.3538194
866,2.0696893,1.4501972
867,1.546627,1.0576797
868,0.87758255,-0.7432487
869,-1.6427361,2.377708
870,1.569027,-2.368382
871,2.1339197,-1.0244558
872,2.266861,2.6268907
873,-0.38246083,-0.2041564
874,0.13049197,1.3424649
875,-2.3300264,-0.3526492
876,0.18886685,1.693924
877,0.27650166,1.032731
878,2.4600983,2.2778583
879,-1.3542899,0.9659586
880,0.080852985,-0.39280558
881,2.441217,-2.7959185
882,2.1237383,2.6495886
883,-0.9226992,-2.280767
884,0.5471914,-1.3702322
885,-1.6119153,-2.9816275
886,-2.0531058,-1.3926169
887,-1.2861747,-2.912716
888,-1.7271538,-1.4445498
889,-0.10671687,-2.3873127
890,-0.6867819,-2.1200614
891,1.0699692,0.37735534
892,-0.2736268,2.969963
893,2.244565,0.46925712
894,0.06086111,1.535718
895,-0.8421507,0.05678463
896,-2.1756513,0.10453749
897,2.0561614,-0.21363449
898,-0.14506626,-2.3432071
899,-1.0504925,-0.71938324
900,-1.5753683,1.3341517
901,-1.8047118,-2.258006
902,2.5057201,-2.60016
903,0.13085175,-0.9143486
904,-2.2557178,2.9008088
905,2.7016535,1.8864851
906,0.89352465,1.1426983
907,-1.6564565,-0.70470953
908,-2.4178612,-1.1833391
909,2.2619443,-0.61128116
910,-1.2685579,2.6246562
911,1.2573757,0.11605096
912,0.1754713,-1.0572113
913,2.5510263,-2.702078
914,-1.3580722,-2.0656161
915,2.0179715,-2.7268004
916,-2.005588,0.78770304
917,-0.67884064,-2.5459743
918,-2.6188467,-2.9747667
919,-1.0539021,0.20455551
920,-0.11630106,-1.5287572
921,1.0754495,-2.5535038
922,-1.719282,1.9565272
923,-2.5684555,2.309618
924,-1.6179811,-1.3211195
925,-0.92134285,1.0829053
926,-0.90417266,-0.9367771
927,-2.0865064,2.9139643
928,1.5022092,-0.3956623
929,1.9082398,-0.7122781
930,-2.312909,-1.3489641
931,-2.4082196,0.85191536
932,1.9387307,2.12751
933,1.7808399,0.7174125
934,-0.042535543,0.3322816
935,2.949884,-1.2900385
936,2.4410834,-2.6444058
937,-2.732973,-2.6751645
938,1.7631664,-1.8062264
939,2.099269,0.34031653
940,2.3052053,-1.1293963
941,2.3282595,-2.6864214
942,0.15707493,-0.6047282
943,0.96510935,1.0928364
944,-1.5029776,-0.2770307
945,1.1003084,-2.3067362
946,-2.1929488,-1.1400894
947,-2.2231216,-1.6831934
948,0.28728867,0.9656677
949,1.0871887,2.872407
950,-0.32533336,-0.1333561
951,-0.60100746,0.08065891
952,-2.6413686,-2.4450655
953,0.7316203,-2.5090108
954,-1.9013071,-0.8680606
955,2.6656585,-2.9524534
956,0.23686838,0.8153753
957,0.91464376,-0.53853464
958,2.740696,0.37228966
959,0.84209967,2.9444995
960,2.1882138,-0.09710097
961,-0.7938976,2.1549778
962,2.9098868,2.735649
963,0.26964498,-0.89197755
964,-2.5425167,-0.88484573
965,-0.034371614,-2.463821
966,1.1372118,2.0944147
967,2.9240093,-0.008096695
968,1.2408175,1.4229441
969,-2.7613025,2.9012818
970,-0.7825434,-0.9649935
971,1.8395429,-1.7842087
972,-2.817823,-1.4396585
973,1.0068097,-1.7118376
974,-0.10863447,1.9747229
975,-2.1846435,-1.3843553
976,1.8653164,-0.40112066
977,0.78546906,-1.1398634
978,2.8447819,0.70015526
979,-0.72903347,-0.28597713
980,-2.7299438,-0.27764463
981,-1.1820749,1.652379
982,-1.83309,-1.6669875
983,-2.2995152,1.0377636
984,-2.9586244,-1.5357277
985,-1.7717761,-1.3722188
986,-2.7234464,-1.3055491
987,-1.5827501,-0.7004781
988,-1.2517769,0.5030408
989,-0.295022,2.7588806
990,1.689415,1.4963713
991,1.4566445,0.80250216
992,0.9936547,2.0204186
993,-1.7261996,1.5999393
994,2.6274996,-0.62687516
995,2.9839392,-0.41395926
996,1.1698456,-1.0031025
997,-2.789232,-2.3799815
998,2.0133872,-0.67722607
999,-0.51500344,-0.17736435
1000,-0.01475358,2.8378792
1001,-0.31367207,-0.57677317
1002,1.8929667,1.5685625
1003,1.016964,-1.4232388
1004,0.06774616,2.2409172
1005,-2.7723331,1.7345476
1006,-2.5377402,-0.4172883
1007,1.6263413,2.3708625
1008,-0.25765133,-2.6393917
1009,-0.6385026,-0.078618765
1010,2.639762,-2.1365469
1011,-0.4291711,-1.1666404
1012,-2.1983006,-2.2771406
1013,1.694778,1.2999172
1014,0.9245887,-2.9521043
1015,-2.1128845,-0.23539782
1016,-0.06939983,2.7866497
1017,1.4238424,-0.57666826
1018,-1.9942521,0.26532698
1019,2.4121704,0.7757487
1020,1.470664,-1.6910949
1021,-2.0025682,-1.3076667
1022,2.517109,1.1900902
1023,-2.5967538,1.2588735
1024,0.56270695,-1.0037853
1025,2.3149543,0.16313696
1026,0.5341592,-0.3164842
1027,-0.25260448,-2.593843
1028,2.2702656,2.6116266
1029,-0.37904644,1.7813549
1030,1.2829762,-0.9715152
1031,-0.43181062,-2.516348
1032,1.370595,0.8626642
1033,-2.9387755,1.0916886
1034,2.0553694,-0.03681469
1035,-2.4329903,-2.06048
1036,2.1567588,-0.9802408
1037,-0.26683116,-2.2113097
1038,2.1047096,-1.3326026
1039,1.7314014,-0.052810907
1040,-1.3459225,1.2247777
1041,2.3408713,-0.06612396
1042,1.4280205,1.8647127
1043,2.1463523,0.95420027
1044,2.268756,-1.5070889
1045,-1.8618958,2.3935022
1046,1.2972589,-2.063565
1047,-1.6904533,-1.8360697
1048,1.9732766,-1.6131642
1049,-2.6363816,2.0906568
1050,-1.4964806,1.6498365
1051,-0.5137181,1.7992148
1052,1.2380514,2.7279892
1053,1.7409029,-1.2272208
1054,0.36355948,-0.52879524
1055,-1.9519376,-2.851372
1056,-0.6332524,0.7058196
1057,-0.111153126,2.044259
1058,2.1203747,0.8718505
1059,0.9232588,-2.2969384
1060,-1.7356471,2.548541
1061,-2.466992,1.2832208
1062,0.67994976,-2.6879516
1063,-1.4302887,2.63347
1064,-2.3359237,1.8358612
1065,-2.881507,1.6604481
1066,-2.078594,1.3485336
1067,1.9833345,-0.3770256
1068,1.1360345,-2.8177464
1069,-1.76624,0.08932209
1070,-0.44717455,-2.4995174
1071,0.75484896,-2.458253
1072,-1.2390515,1.9805236
1073,1.3365493,2.0048532
1074,1.7639112,-1.8769219
1075,-1.5881975,0.6302781
1076,-1.214942,-2.1391072
1077,-1.069239,0.3838055
1078,-2.1017995,-0.9004934
1079,0.11207008,0.34530878
1080,-2.3252726,0.2325983
1081,-0.954016,0.49935246
1082,2.0433526,-2.6199565
1083,-2.023909,2.2120242
1084,2.8599706,-0.48047018
1085,-1.7281798,-2.0581613
1086,-0.97573614,1.7440548
1087,-0.23989463,-2.7736526
1088,-2.7033486,0.8341348
1089,2.98386,2.5642452
1090,-2.1602862,-2.6274662
1091,0.48621082,-1.155305
1092,-1.8348134,2.8147964
1093,2.630746,0.7791288
1094,-1.9589857,1.2396679
1095,-2.1948671,-2.5950103
1096,-1.3338962,2.8012466
1097,0.8499656,2.6261854
1098,2.3329258,0.16513443
1099,0.32277417,-2.1691666
1100,0.51525927,-0.8002918
1101,0.69161797,-0.60698104
1102,-2.681363,-0.017852783
1103,2.2199488,-0.7846284
1104,-0.81472826,0.38597345
1105,-0.14444876,-0.31786895
1106,-1.2091205,0.7167499
1107,-2.7229028,0.28336215
1108,2.4762793,-2.3472595
1109,-0.10004187,-1.6531498
1110,1.5350513,-0.8601594
1111,1.1627498,0.4330225
1112,-2.9342759,1.7386289
1113,-1.6582646,-1.3915179
1114,0.045840263,0.5145807
1115,0.72811556,1.8678536
1116,-1.0160097,-2.0737963
1117,0.8832221,2.3920736
1118,-1.195074,-1.0259714
1119,-2.2796726,0.33869123
1120,0.6355815,0.115269184
1121,-2.4983969,-0.46007395
1122,2.7359633,1.662035
1123,0.5951915,0.5298567
1124,0.22050238,-2.8851433
1125,-2.0740252,1.9466763
1126,-0.08017731,-2.4294982
1127,-0.03997183,1.1557021
1128,-1.7095939,1.1895833
1129,1.8428774,0.59511375
1130,0.66841936,-1.612337
1131,1.2511654,1.062386
1132,1.1424341,1.9493155
1133,0.8752265,0.45115614
1134,2.4810715,0.7510972
1135,-2.4046226,1.3185716
1136,1.280025,2.872508
1137,1.844768,-1.6838876
1138,-1.6201655,2.5477948
1139,-0.98151445,-0.76981616
1140,-1.750062,-0.4096408
1141,2.0109253,-1.2195203
1142,-1.844204,1.7220058
1143,-0.094070435,-1.5215163
1144,-0.42620993,-1.661336
1145,-2.9480875,-2.8528333
1146,-2.5397737,-1.8939203
1147,2.7224689,1.5020962
1148,1.8607345,-0.5879822
1149,1.0749803,0.90718794
1150,1.4795713,-1.7804099
1151,1.8153963,-2.0263445
1152,1.9606199,2.6218085
1153,-1.961714,-1.8197122
1154,-0.7227154,1.7830448
1155,-1.2123431,0.1958499
1156,-0.5080447,1.3512521
1157,-0.73929906,1.4886074
1158,2.5790758,2.3898973
1159,2.3677096,2.1185207
1160,2.6973476,1.6151896
1161,2.749247,-2.5995274
1162,-2.6527867,-0.051526308
1163,-1.021235,2.5303383
1164,-1.6446104,-2.8065283
1165,0.87964535,-0.32446575
1166,-2.7294726,-1.4247769
1167,1.3524518,-0.91061926
1168,1.4470372,-2.0497377
1169,-2.3146658,0.55301714
1170,1.1095796,-2.4145827
1171,-2.9264474,-2.5316753
1172,1.8969703,0.6937146
1173,-1.2107981,2.1506348
1174,1.4764943,-0.46322894
1175,-2.95113,-1.3048582
1176,1.1698971,-0.8559959
1177,-0.54994226,2.9352288
1178,0.6263852,-2.2277694
1179,-1.0219188,-2.7490919
1180,0.52797365,2.5021539
1181,-2.3844247,-2.787448
1182,0.6323383,0.688725
1183,-2.5964506,2.8017497
1184,0.500335,-2.7377064
1185,2.2643328,2.585279
1186,2.2984195,-0.17924929
1187,-1.9114505,-0.8183398
1188,1.5131979,2.5457306
1189,-0.19661593,0.98930407
1190,1.8377857,1.1775637
1191,1.2965112,-0.7310653
1192,-2.1013508,-0.69334817
1193,2.8880305,2.575076
1194,-2.7582564,-2.416544
1195,-2.466237,2.534254
1196,-2.521729,0.87908506
1197,-1.034375,2.242515
1198,-0.39055324,1.8289433
1199,-0.3897307,0.9974952
1200,2.859231,2.8446674
1201,-0.70435166,0.79768085
1202,-2.4626126,1.8596997
1203,-1.8497443,-0.6472156
1204,-1.7119925,-2.9231207
1205,-2.4481153,-2.519662
1206,2.3348932,1.8680258
1207,-1.123293,-2.2770605
1208,-1.7382835,-2.3395877
1209,0.7531829,-0.7627139
1210,-1.8726633,-0.6230893
1211,-2.8571696,2.7908392
1212,-0.40665436,1.6536674
1213,2.7110205,-1.4736246
1214,2.5998292,-2.9870305
1215,-0.6157532,-2.1368632
1216,0.62956166,0.34424925
1217,0.7193084,-0.30023384
1218,-2.7374861,2.0101337
1219,-1.6384481,1.4966593
1220,-1.8806906,0.30162096
1221,1.6136289,-2.0185337
1222,0.23686028,2.3385606
1223,-0.48230195,-2.643732
1224,-0.58550763,-0.26215553
1225,0.0035028458,-2.4128861
1226,1.8515925,0.5673101
1227,2.903058,-0.6571264
1228,-2.527606,0.53846955
1229,-2.0960932,-0.033840656
1230,1.9622836,-2.2678938
1231,-1.8100863,-0.46337795
1232,1.8618951,0.5157659
1233,0.45532513,-2.379332
1234,-0.72367334,-2.3054318
1235,0.89576125,-2.6269836
1236,2.3216386,-2.7608104
1237,-0.8666904,0.47521377
1238,0.63010883,0.3177538
1239,0.19002819,-1.6681409
1240,1.7913818,2.14431
1241,0.038940907,-1.4068455
1242,-2.0024664,0.04593444
1243,0.2635324,-2.9537666
1244,-2.9840245,-2.9372442
1245,2.1828213,1.9235735
1246,1.4173527,-2.5247746
1247,0.8506727,-0.14338207
1248,1.8001723,-2.4964218
1249,-1.1274308,0.64257336
1250,-2.4209619,2.4199114
1251,0.17739677,-2.2373135
1252,2.3799992,-2.177259
1253,2.673441,2.8202305
1254,-1.7986829,0.84157634
1255,1.7147398,-0.42013693
1256,-0.92446184,1.4910607
1257,-0.7314248,-2.625472
1258,-1.248102,1.9917655
1259,2.3033485,-2.1727715
1260,-2.485868,-1.1718793
1261,2.9702253,1.9852114
1262,-2.1332252,1.7790833
1263,2.393683,-2.789342
1264,1.7042265,0.90426016
1265,2.3537245,0.76209855
1266,1.3302841,-1.3637452
1267,0.27700067,2.7743979
1268,1.479065,-1.1556691
1269,2.5009513,-2.006278
1270,-2.231883,-0.3735962
1271,0.77856946,1.4669275
1272,2.230629,-2.0866456
1273,-0.73035145,0.9428029
1274,1.5244398,-0.5570688
1275,-0.046712637,1.5732193
1276,0.36784363,-2.919788
1277,-0.46655202,-0.15817523
1278,0.20624733,0.92276525
1279,1.2542305,0.80096984
1280,-2.6690664,0.40262556
1281,0.16986251,-2.933198
1282,-2.0492134,1.7479696
1283,0.82787657,0.6428275
1284,-0.9224582,-2.5442014
1285,2.7295418,-1.8919784
1286,1.2805953,2.3678446
1287,1.678988,0.27624273
1288,-0.42783952,2.5809975
1289,0.5077381,1.250186
1290,-0.5751276,-2.8898554
1291,0.36693692,-2.76754
1292,-1.6109208,2.5558453
1293,1.2821693,2.6296182
1294,-2.6141717,-0.18012238
1295,1.0789313,2.7440386
1296,2.0443888,0.52991486
1297,-1.8581872,2.8398676
1298,-1.2031113,0.049607992
1299,-2.0121117,0.4073472
1300,-1.4295459,0.23172235
1301,1.5291319,2.4258094
1302,-1.0254618,-2.5993116
1303,2.8595977,-0.3120811
1304,-1.3710719,1.0927377
1305,-0.47860813,-1.0090048
1306,-2.9485269,-2.6303062
1307,-1.1915188,0.3407631
1308,-0.46915126,0.4168949
1309,0.68529415,-0.9644594
1310,0.6732552,-1.3387731
1311,0.962914,1.8196573
1312,1.6492705,-2.4092038
1313,0.998261,-0.34245872
1314,2.541071,-2.2533212
1315,0.6727214,0.8495741
1316,-1.1359162,2.501328
1317,-2.7783258,-2.005351
1318,2.6136556,-2.089447
1319,-2.5812414,1.4584222
1320,-2.2658494,2.2158527
1321,1.0928345,1.8375168
1322,-0.2803545,2.1109986
1323,2.9878144,2.566949
1324,1.0814147,-2.6844683
1325,0.19678402,2.167766
1326,-0.28826308,-1.7951331
1327,2.834825,-0.33196402
1328,-1.7170436,-2.439309
1329,1.0524726,2.503922
1330,2.8150482,0.1039691
1331,0.41090155,-1.4000906
1332,-0.03320217,0.16077304
1333,-1.9703407,-2.1165614
1334,2.010171,-0.6501274
1335,0.004076481,-1.6452792
1336,-2.2666206,-1.9498844
1337,-1.0934755,1.6682673
1338,1.8209743,-1.8179455
1339,-2.633247,-2.3338447
1340,2.0780625,-0.14289331
1341,-2.4531662,-2.512422
1342,0.72965884,2.036502
1343,1.9545617,-0.12899423
1344,1.6611376,0.35554862
1345,-2.2158499,2.67281
1346,-0.7058835,1.2212396
1347,1.908392,0.47942114
1348,1.3008871,0.71059895
1349,1.5046058,-1.1760138
1350,-1.2076589,-1.4769459
1351,0.53681374,2.0837812
1352,-0.45496035,0.6786237
1353,1.8078651,-1.9482361
1354,-0.40102243,0.6144295
1355,0.19928265,-0.9528129
1356,1.1856627,-1.2280655
1357,-0.36425018,-0.39349437
1358,2.7661405,-1.5240626
1359,1.9370022,2.219069
1360,1.9084959,-0.0026826859
1361,2.7655468,-0.30252743
1362,0.34582114,2.850109
1363,1.3683772,-1.0168147
1364,-1.410058,1.8445725
1365,2.7611814,1.1543722
1366,-0.4620266,2.6838923
1367,2.3093243,1.3435855
1368,-1.0273819,-0.70728683
1369,1.8859158,2.163375
1370,0.8729639,2.3773804
1371,0.56810474,-1.9214891
1372,-1.9778116,-2.8920712
1373,0.47996998,0.34876084
1374,2.8072624,1.1978135
1375,-1.2751547,1.1845136
1376,-2.0419014,-1.6837106
1377,0.87902284,-1.6929721
1378,-2.6318758,-0.121585846
1379,-2.261434,1.6442766
1380,1.922555,1.2167382
1381,-2.708185,-1.7727027
1382,-0.571857,0.27586484
1383,1.4275651,-2.0489674
1384,-1.6862125,2.7476249
1385,-2.789266,2.5453424
1386,-0.043845654,1.0465884
1387,2.7016544,2.0912595
1388,-1.0818039,-1.999575
1389,0.4549985,2.579153
1390,-0.6750326,2.302166
1391,-0.5087986,-2.4830537
1392,0.6081681,-1.4531908
1393,0.30039525,2.4477892
1394,-2.6388445,1.0783157
1395,1.1186404,2.7014189
1396,-1.9270159,0.22183847
1397,-1.5319086,-2.7231138
1398,-1.4422259,-0.82373214
1399,-2.160186,-1.398747
1400,-0.97194815,2.8685112
1401,1.2638845,-0.66535854
1402,1.5078263,2.2648964
1403,0.8800328,1.2542601
1404,-1.9268149,2.4320908
1405,-0.33321047,2.5157232
1406,1.2693119,-1.9620413
1407,-0.8544364,-0.14677143
1408,0.93406534,0.8092053
1409,-2.0400124,2.9098754
1410,-2.7333336,-0.9417162
1411,1.8319836,0.90306544
1412,0.47634888,-2.2286153
1413,0.24507046,2.2706814
1414,2.4362645,0.4124565
1415,2.035696,0.4559176
1416,2.8600388,-0.29085207
1417,0.2006321,1.5635147
1418,-2.9990137,2.7104912
1419,2.478733,1.609561
1420,-1.9514483,-1.2463857
1421,-1.364733,-2.7363687
1422,1.7172918,0.19485903
1423,0.24754477,2.1404905
1424,-2.7823033,2.3814554
1425,-0.84539557,-0.97339654
1426,-2.180282,1.5553675
1427,-0.1116271,-0.9796622
1428,0.32229638,-2.496994
1429,0.49378753,2.189394
1430,-1.2647738,0.21610808
1431,-1.7441722,-0.4324584
1432,1.5721741,-2.869242
1433,-0.5409329,2.0568228
1434,2.3411794,0.794049
1435,-1.8862417,-1.9525273
1436,2.7706642,-2.5868025
1437,0.7176976,2.5714498
1438,2.258399,2.529375
1439,-0.33926654,1.2294455
1440,2.8052754,-2.1788077
1441,-0.6485059,-0.80561686
1442,0.19495106,1.0935793
1443,2.6458664,-1.826172
1444,0.24002934,1.0140357
1445,0.80063105,2.1645865
1446,2.6438975,-1.5855585
1447,-1.7165859,-2.6546407
1448,-2.322857,-2.7779913
1449,1.3031607,2.5144687
1450,0.27479768,0.24590683
1451,-2.2681675,0.55910873
1452,-0.85464525,1.6852903
1453,2.7859354,-0.9888625
1454,-0.37551212,0.5545728
1455,-0.74197674,1.5722618
1456,-1.189991,0.8304558
1457,1.052876,2.01996
1458,-1.855971,-2.4730818
1459,-1.2916313,-0.5293288
1460,1.1957083,-2.8405685
1461,0.6176095,-1.0460222
1462,-0.93157125,-1.0689558
1463,0.72468066,1.6826067
1464,1.2558365,-0.4442525
1465,-1.9377022,-1.7295717
1466,-0.6417527,-1.2383609
1467,-2.1857505,-2.3012688
1468,1.7459106,-2.1038182
1469,1.829967,1.1300464
1470,-2.8324962,0.9570017
1471,-1.4991406,1.1187468
1472,0.25204706,-0.28375554
1473,-1.5854012,1.4540253
1474,1.9373198,2.5647388
1475,1.8535256,1.418334
1476,-0.41512346,-0.839324
1477,2.1838179,-1.1347368
1478,1.6682043,0.99759007
1479,-0.60938835,1.7326446
1480,-1.5908493,-2.3772202
1481,2.7386389,2.6283922
1482,2.8289928,-1.7478708
1483,-2.6755786,2.2355828
1484,1.5328417,-1.1392293
1485,2.227479,-1.468302
1486,2.3270478,1.5175548
1487,2.5340261,-1.0237799
1488,1.1947722,0.72331953
1489,2.331172,-2.190679
1490,-0.6238909,2.3716888
1491,-0.6140671,2.4900074
1492,-1.930241,2.5287971
1493,-0.7670109,0.636281
1494,-2.1295474,1.088798
1495,-2.5487514,-0.2057271
1496,-0.72581816,-2.7515295
1497,0.036642075,2.4705772
1498,-2.5032625,1.0218973
1499,-1.5521636,2.8846169
1500,0.62315726,1.7467685
1501,-0.41704035,0.10942268
1502,-2.8400702,-0.70409155
1503,2.1003375,-1.3580968
1504,-0.1334989,0.23850536
1505,-0.6308222,-1.5758865
1506,0.5973096,-0.3843975
1507,-2.5489812,0.6968765
1508,-2.9262207,0.33818007
1509,-1.1634425,-0.86453867
1510,-1.590707,0.20550728
1511,-0.81095624,-0.3387661
1512,2.7269244,0.570621
1513,1.5372806,-2.462074
1514,-1.6617079,0.1577692
1515,-0.52661467,1.0404263
1516,2.984703,-1.9669136
1517,-2.233317,-2.0099883
1518,2.0505428,1.6778784
1519,-1.4911727,-2.5729752
1520,2.9202423,0.645576
1521,-1.2010231,-0.65168166
1522,1.6065521,0.474329
1523,2.3667235,-0.77660227
1524,1.1196079,-1.6541802
1525,0.9628196,2.9438028
1526,-1.0599926,-0.9490979
1527,-1.7968726,-1.8071512
1528,-0.8013687,-0.7241578
1529,0.47333145,-0.85276127
1530,-2.505083,1.6329393
1531,-0.6211059,2.2936745
1532,1.6227798,0.2640345
1533,-2.627469,2.6549797
1534,2.8170495,1.0276427
1535,-2.2363262,2.8830376
1536,2.1816049,-0.1102159
1537,2.112918,0.18403292
1538,-1.3803041,0.0966773
1539,-1.71884,-0.1935234
1540,0.20219469,1.671833
1541,1.3229637,0.7022202
1542,-1.5136639,2.2585344
1543,2.580318,-2.6209438
1544,-0.5903168,1.6005588
1545,1.2722063,0.95157766
1546,2.777711,-0.43868208
1547,-0.3389635,1.4810352
1548,-2.7720032,-2.097713
1549,2.9243097,0.5687561
1550,-0.41192913,0.40160942
1551,-0.05320573,-1.3795806
1552,2.7285504,-1.6439098
1553,-1.279654,2.8380423
1554,-1.2373356,1.0731392
1555,-1.3197649,0.76464915
1556,0.08515191,-2.1996639
1557,-1.3455337,-1.4418826
1558,-1.91714,-1.2836015
1559,2.9885182,-0.29970574
1560,2.5638208,-2.4185548
1561,-2.802865,-0.8865447
1562,-0.26609302,-0.66939306
1563,1.5126376,1.3456426
1564,2.4957652,-1.9061995
1565,-1.8234369,-1.7518169
1566,0.12647533,1.2510986
1567,2.1162777,0.64717627
1568,1.795011,0.7819104
1569,1.8072228,-1.025234
1570,1.7170849,1.520227
1571,-1.3117633,-1.4602343
1572,0.98099804,2.8537269
1573,0.95566034,-0.4990704
1574,-0.8758342,-1.8693359
1575,0.39424396,-2.728554
1576,0.7108488,-0.027905941
1577,1.3446841,-0.1933775
1578,-0.43428183,-2.5108416
1579,1.758688,0.41302824
1580,-2.6456141,-0.4389789
1581,-1.050279,-2.7342587
1582,2.3180952,-0.26591015
1583,-2.918965,2.4374762
1584,0.40938735,-1.8371547
1585,-0.7806468,0.34542465
1586,0.92815065,1.9840031
1587,-0.05845213,-1.8829093
1588,-0.10267544,2.1688929
1589,-1.5019108,2.9122796
1590,2.3087802,-1.5536528
1591,1.4312024,-0.7996588
1592,2.4337268,-2.6014187
1593,-1.2076185,-2.6074762
1594,1.15415,-0.17247105
1595,-0.7649784,-1.6480415
1596,2.4756942,0.101803064
1597,2.1422849,-2.9783816
1598,-0.08542657,-0.8624778
1599,-0.60333776,-0.6002102
1600,0.40770864,1.454092
1601,-2.4485865,0.764745
1602,1.1198034,-0.63432837
1603,-1.4987773,0.30620623
1604,0.36492014,-2.563387
1605,-2.2304192,-2.7009053
1606,1.677608,1.7154145
1607,-2.7234607,-1.8828027
1608,2.6568842,2.0579762
1609,1.1392174,2.237794
1610,-2.0461807,-1.5069991
1611,1.1980457,0.61031413
1612,2.6264868,-1.0216981
1613,-2.1002035,2.8817759
1614,-0.268718,2.234796
1615,-0.035874367,-1.4022528
1616,-2.2514513,-0.6557994
1617,-2.8339944,1.0025
1618,1.0986295,0.75921965
1619,-2.2317085,-2.0710793
1620,-1.833022,-1.9211937
1621,-2.8588264,2.6699634
1622,0.029309273,0.76621413
1623,-2.5545888,1.8211913
1624,-1.507281,0.80598307
1625,2.8235574,2.6693473
1626,0.268229,2.3050704
1627,-1.9695572,-2.8344605
1628,-2.3698654,0.022437096
1629,-1.2603167,-2.4903224
1630,2.9153357,2.1141853
1631,-0.69823027,2.96869
1632,2.3492174,-1.054661
1633,-1.8350662,2.3259926
1634,-0.18634224,-2.7164075
1635,2.6102123,2.01062
1636,1.6379347,-2.2334347
1637,2.3303194,0.23785329
1638,-1.9474014,-2.203406
1639,1.7341132,2.8136468
1640,-1.7094158,0.69981766
1641,-0.29867315,-2.0965123
1642,1.9099975,0.21248889
1643,0.4232154,-1.3569338
1644,1.6218457,-0.38762927
1645,-0.66431594,1.4701157
1646,-2.3557901,0.12531996
1647,2.7156248,-1.3640918
1648,-2.974456,2.3254476
1649,-1.5137562,-0.38957787
1650,-0.50291395,-0.2974019
1651,-2.467022,-1.1861941
1652,1.4264588,0.54667854
1653,1.1609516,0.53896475
1654,-0.74971294,-0.52331686
1655,1.246376,-0.08111572
1656,0.07667589,-2.5996914
1657,-0.6610155,1.4278336
1658,-1.6692481,-2.8125973
1659,1.4674516,-2.9620953
1660,-1.9936341,0.8318629
1661,-2.4282832,-2.6064286
1662,1.397141,1.1901417
1663,1.5611792,0.5567565
1664,0.5547395,0.33912277
1665,-2.980157,-2.9477963
1666,2.616798,0.4313028
1667,-1.0451417,1.0336847
1668,-2.7967577,-0.09910369
1669,1.1694803,2.445496
1670,0.8168044,-2.4909875
1671,-0.67785835,-1.9150718
1672,1.2867007,-0.03365922
1673,2.418316,-2.1519442
1674,2.4209704,-1.559132
1675,-1.7925335,-2.4775767
1676,0.23769522,2.6584678
1677,1.6016126,2.1567154
1678,-2.226307,-0.97055626
1679,-2.768624,-2.9866982
1680,0.32911968,1.6170769
1681,0.67557764,-1.9797653
1682,-0.99083996,-1.3224628
1683,-1.7086158,-2.587613
1684,2.022748,1.3227468
1685,-2.803078,0.47598314
1686,-1.5249299,-2.5551703
1687,-0.4001937,0.8886659
1688,-0.9141998,0.6306062
1689,-2.8908312,-2.8776603
1690,-0.54676914,0.65931916
1691,-1.8262328,0.6885767
1692,1.8662043,-2.0719006
1693,0.26311755,0.2129724
1694,-1.6828512,-1.3473394
1695,1.4015198,-0.12372422
1696,-2.984775,2.777144
1697,-1.5425466,1.1934614
1698,1.9194584,-2.436534
1699,-1.0504771,-2.8895059
1700,-1.3859099,-1.5961561
1701,-1.6106433,-1.3999808
1702,-0.45027447,0.7466922
1703,2.423203,2.2229939
1704,-2.6141272,2.7145567
1705,-2.034109,1.6582527
1706,-2.4311132,-0.29762697
1707,-2.1047895,-0.8553767
1708,-2.4129643,0.25168324
1709,2.2909837,-0.0069093704
1710,2.2331133,-2.1210308
1711,-1.72146,-0.39322042
1712,0.35690498,-0.87020206
1713,-1.671974,0.15702939
1714,1.284749,-2.4289756
1715,-1.1419626,-2.9853265
1716,2.2930784,0.18889403
1717,-1.361136,-0.0037829876
1718,-1.6220248,1.5508285
1719,-2.3607917,1.1792302
1720,-2.353187,-2.568487
1721,1.9601588,-0.5496659
1722,-1.3840184,-2.4649773
1723,-2.8344488,-2.308523
1724,0.73861814,0.43423557
1725,-1.2048991,2.594358
1726,1.69419,0.4326458
1727,-2.9046044,-1.8433614
1728,0.9600272,2.9601898
1729,-2.2581239,0.41491365
1730,1.0614305,0.846493
1731,0.11685467,1.1517835
1732,-0.6332984,0.7627194
1733,-1.9590547,-2.3399684
1734,1.5018158,-2.7568135
1735,2.1996408,-1.3108724
1736,0.8628545,-2.0014205
1737,-2.8276682,-1.4411241
1738,1.3431053,-0.84787893
1739,-2.345669,-2.3229337
1740,-2.8198435,0.50750065
1741,-2.0733051,-2.2916386
1742,1.2413354,-1.6153815
1743,0.076715946,2.3182878
1744,-1.941895,1.908474
1745,-1.9878484,-0.16336632
1746,2.7963028,-2.8528926
1747,-0.042826653,1.9571676
1748,1.501514,2.6697845
1749,1.4427247,0.18108463
1750,-1.1211923,1.3937573
1751,0.6493659,-0.9361806
1752,-0.23963022,1.028399
1753,-0.29303384,1.521894
1754,2.887754,-1.23323
1755,1.7394695,0.602942
1756,0.24436212,1.0337753
1757,1.7385197,-2.6844754
1758,0.9409938,-0.58324957
1759,-2.0023077,-0.8743925
1760,0.78313875,-1.7934169
1761,-1.6800406,2.0874863
1762,2.3908844,-0.8199487
1763,-1.3915197,1.3109097
1764,-0.8006525,-1.5331521
1765,2.513301,-1.1247543
1766,2.2874436,-1.544564
1767,1.2005601,-2.0485983
1768,2.2402587,0.5981388
1769,2.6532822,1.7086473
1770,-0.6554351,0.38983583
1771,0.08614731,1.094635
1772,2.3357792,1.9659901
1773,-2.6924043,-0.49959612
1774,1.5632734,1.352272
1775,-2.5980206,0.78187394
1776,-0.64366865,0.59163713
1777,2.3485355,1.8597012
1778,1.9690523,-0.5990703
1779,-2.4801984,2.8286657
1780,-1.6252398,1.5939918
1781,0.36660385,-2.0652716
1782,-2.4747663,0.6677561
1783,-1.9856418,2.794838
1784,0.33461857,-2.069523
1785,0.042756557,2.035397
1786,-0.46976495,0.061505556
1787,0.59718037,1.1844153
1788,0.824708,1.687356
1789,-2.465842,-2.138846
1790,2.6940575,-0.75806904
1791,-0.37879992,0.78763294
1792,2.2851439,-0.034225464
1793,0.97003984,2.8553033
1794,2.7448044,1.857192
1795,0.8026295,-0.9795284
1796,2.8375025,0.9055953
1797,2.6097765,2.7730756
1798,-2.0318465,-2.428979
1799,2.4622798,2.1524372
1800,0.5000961,-1.7441998
1801,2.998908,0.79400206
1802,-1.9820563,-1.9787722
1803,1.9572735,-0.6586695
1804,-1.4675989,2.1389313
1805,-2.79821,-0.70810676
1806,0.36675167,2.7593174
1807,0.26955223,-0.9684248
1808,-2.2891681,-2.7317777
1809,-0.43755865,-0.122584105
1810,-0.82702637,-2.3123312
1811,-0.63191605,-0.08753109
1812,0.40789413,-0.027400494
1813,0.74286604,-0.45440388
1814,0.6178026,-2.0137196
1815,2.0247884,-1.6045961
1816,-1.1262746,1.0559139
1817,-2.3198433,-0.2764485
1818,-2.7566366,-0.09836054
1819,0.08651066,2.2840838
1820,-2.765129,-1.2921113
1821,0.42680955,2.2529774
1822,-1.0623758,-0.75421524
1823,-2.17659,2.670465
1824,-2.3980043,2.5655828
1825,2.9648647,1.8155665
1826,-1.2925122,-1.5329822
1827,-0.7637973,1.7832041
1828,0.78615475,-0.009011507
1829,-2.0043063,-1.5781295
1830,1.6480417,2.199142
1831,2.5634413,0.39573765
1832,2.848137,2.9103975
1833,1.1324635,1.7030587
1834,1.6381488,-0.8287835
1835,1.1773791,-1.9261969
1836,-2.6235852,-2.508203
1837,-1.6827307,-2.2028995
1838,-1.5190809,-2.255511
1839,-2.3301773,-2.901009
1840,0.78309536,-1.2473187
1841,1.6655626,1.3557749
1842,2.6574721,-2.608288
1843,1.7328024,2.2510285
1844,-0.5345843,0.37915945
1845,0.25251293,-1.2199881
1846,0.17530704,2.1349893
1847,2.260518,0.44197702
1848,0.036337376,1.3022947
1849,0.324687,-1.2584842
1850,2.6715899,2.7880988
1851,0.6180258,1.0531907
1852,0.4357314,2.0304728
1853,-1.5698812,0.55844736
1854,-2.7275372,-0.4702797
1855,-2.851633,-2.8809085
1856,0.38636112,1.7426128
1857,0.5981755,1.2597508
1858,-0.80902815,0.4106121
1859,0.07262778,-0.10831475
1860,0.36452484,2.9016247
1861,1.6925716,0.78021
1862,-0.2727461,0.61741495
1863,1.1238594,2.5646276
1864,-0.117132425,2.375208
1865,0.51217794,1.3793378
1866,-2.3005528,-2.6153831
1867,1.6906581,1.770051
1868,0.8628967,1.9612532
1869,-1.9994634,2.5368762
1870,-0.120409966,-0.36971855
1871,1.2162418,-1.7602218
1872,-0.47704792,-2.5647318
1873,2.9821205,0.5398135
1874,-1.9891512,0.8547158
1875,2.6639996,-2.0267823
1876,-1.6646447,2.1916146
1877,-2.0833821,2.4559503
1878,-2.3468413,-2.8923163
1879,-0.94190836,1.4651079
1880,-1.9914204,-0.68471503
1881,-0.9366107,-2.489544
1882,1.8880081,1.3799148
1883,-1.7642133,-0.64024043
1884,2.9073963,-1.5210729
1885,2.8081012,2.3319836
1886,0.06781626,-1.9773134
1887,2.3297453,-1.9809351
1888,0.5703082,0.46507573
1889,0.7186427,0.17325258
1890,-2.0720258,0.9922905
1891,0.8413944,-1.7476709
1892,2.6044655,-0.77626324
1893,-1.630497,-2.299603
1894,2.6450152,-0.7496233
1895,1.9279099,2.6609583
1896,-2.6395812,-0.7314038
1897,0.94109774,1.1657791
1898,2.194594,2.3906407
1899,-1.9146506,1.8559246
1900,2.4967642,0.45142508
1901,1.509572,1.301095
1902,1.3660183,-1.9471153
1903,1.7894106,2.4359002
1904,-0.046087265,-0.1702416
1905,1.7031717,-1.52133
1906,-2.1245677,-1.6238548
1907,-1.2089653,2.1550837
1908,-1.0802418,-0.16596746
1909,-2.222659,-1.6308078
1910,0.6655898,2.5020204
1911,1.6273956,0.15321589
1912,-2.8020186,-2.789246
1913,-0.62690735,2.1372557
1914,-2.3827937,-0.85133505
1915,1.7401752,1.0151725
1916,-2.5421212,-0.33766174
1917,1.0566826,-0.23721886
1918,2.2072344,-0.90954137
1919,-0.9391093,-1.4880799
1920,1.3896255,0.4620514
1921,-1.1639575,2.0253544
1922,2.1733108,0.16918898
1923,1.3950367,0.10042977
1924,-1.5754144,-1.7833121
1925,-0.76317,-1.2794977
1926,-2.4907103,1.5488596
1927,-0.016415596,1.2187877
1928,0.30095172,-2.3769884
1929,2.5785913,-2.2421765
1930,-1.9768792,0.8458121
1931,-2.1419063,2.1626267
1932,-1.5375159,2.6110177
1933,2.1153598,-2.317389
1934,-0.6094122,-2.3209186
1935,-1.8566369,-2.464539
1936,-0.38154364,1.7318668
1937,-1.9571289,2.044631
1938,-2.1576052,1.1324105
1939,-0.13898706,-1.4851692
1940,-2.460709,2.7545738
1941,1.8757601,-0.30329466
1942,-2.5228047,-1.9103175
1943,-0.35268736,1.6577196
1944,0.17313671,2.2116838
1945,0.00063180923,-0.16438961
1946,-0.818696,1.0305843
1947,-0.6967988,-2.7926588
1948,2.2596736,2.9590745
1949,-2.356076,-2.8367825
1950,-1.7367479,0.6073065
1951,-0.48208427,-1.3778762
1952,-2.5810838,-0.0052449703
1953,-0.45744967,-2.4174666
1954,-0.3438444,-1.4028962
1955,-0.10970831,2.9208279
1956,2.6835861,-1.7144555
1957,-1.9791144,0.42363977
1958,-1.9242768,-1.8991381
1959,1.4828787,-1.3794411
1960,1.4736567,-0.17002726
1961,1.5384283,0.14788127
1962,0.34463692,0.45103812
1963,-2.4239023,1.6184859
1964,2.9460402,0.5424013
1965,2.9124212,1.366828
1966,-2.583747,1.0147309
1967,2.910531,-0.80630064
1968,2.9329977,0.99986553
1969,1.5654507,-0.14702892
1970,-2.1890037,-0.62277675
1971,-1.1758869,-2.3764138
1972,1.1707497,2.9173846
1973,0.14763498,0.66008663
1974,-1.7349211,0.29860306
1975,2.8780217,-0.07891488
1976,2.3851643,1.7376804
1977,0.88851213,-2.628181
1978,-1.3582331,-2.7681856
1979,-2.6620488,1.9244194
1980,1.219471,1.5400653
1981,0.6325743,-2.9042854
1982,-0.8817425,-1.3756106
1983,-0.50015473,-2.23598
1984,-0.82635,-2.613412
1985,2.791069,-2.030744
1986,-2.57905,-0.48630953
1987,1.2882776,-0.107310295
1988,0.54734707,-0.4023199
1989,0.803004,-0.22219658
1990,-0.36470032,-1.741392
1991,2.79137,-1.1135366
1992,2.6349974,0.73421216
1993,-2.122219,-0.9376538
1994,-1.6359,0.49479675
1995,-0.03352046,-1.0970932
1996,-2.4108682,-2.4693227
1997,-1.332059,1.7710352
1998,2.9247427,2.814386
1999,2.556141,-2.3819203
